{"FW": "211", "ALARM": "OFF", "SOC": 78.0, "H10": 41, "BMV": "600S", "TTG": 5103, "I": -3.314, "H11": 29, "H12": 0, "CE": -116.175, "AR": "0", "V": 24.095, "H8": 29801, "H9": 2.18881944367398, "RELAY": "OFF", "H2": -116.175, "H3": 0.0, "H1": -259.107, "H6": -8832.716, "H7": 18.677, "H4": 1, "H5": 0.0}
{"FW": "211", "ALARM": "OFF", "SOC": 78.0, "H10": 41, "BMV": "600S", "TTG": 5103, "I": -3.314, "H11": 29, "H12": 0, "CE": -116.175, "AR": "0", "V": 24.095, "H8": 29801, "H9": 2.18881944367398, "RELAY": "OFF", "H2": -116.175, "H3": 0.0, "H1": -259.107, "H6": -8832.716, "H7": 18.677, "H4": 1, "H5": 0.0}
{"FW": "211", "ALARM": "OFF", "SOC": 78.0, "H10": 41, "BMV": "600S", "TTG": 5103, "I": -3.314, "H11": 29, "H12": 0, "CE": -116.175, "AR": "0", "V": 24.095, "H8": 29801, "H9": 2.18881944367398, "RELAY": "OFF", "H2": -116.175, "H3": 0.0, "H1": -259.107, "H6": -8832.716, "H7": 18.677, "H4": 1, "H5": 0.0}
{"FW": "211", "ALARM": "OFF", "SOC": 78.0, "H10": 41, "BMV": "600S", "TTG": 5103, "I": -3.314, "H11": 29, "H12": 0, "CE": -116.175, "AR": "0", "V": 24.095, "H8": 29801, "H9": 2.18881944367398, "RELAY": "OFF", "H2": -116.175, "H3": 0.0, "H1": -259.107, "H6": -8832.716, "H7": 18.677, "H4": 1, "H5": 0.0}
